title,team,location,link
Account Executive - Funded Startups - French,Sales,Dublin HQ,https://stripe.com/jobs/listing/account-executive-funded-startups-french/7686224
"Account Executive (Hunter) , UK Enterprise Retail",Sales,London,https://stripe.com/jobs/listing/account-executive-hunter-uk-enterprise-retail/7451366
"Account Executive SMB, AUNZ",Sales,Melbourne,https://stripe.com/jobs/listing/account-executive-smb-aunz/7382687
"Account Executive SMB, AUNZ",Sales,Sydney,https://stripe.com/jobs/listing/account-executive-smb-aunz/7382687
"Account Executive, AI Sales",Sales,South San Francisco HQ,https://stripe.com/jobs/listing/account-executive-ai-sales/7532733
"Account Executive, Commercial (Existing Business)",Sales,Chicago,https://stripe.com/jobs/listing/account-executive-commercial-existing-business/7306915
"Account Executive, Commercial (Existing Business)",Sales,New York,https://stripe.com/jobs/listing/account-executive-commercial-existing-business/7306915
"Account Executive, Enterprise (Hunter)",Sales,Paris,https://stripe.com/jobs/listing/account-executive-enterprise-hunter/7458833
"Account Executive, Enterprise (Hunter), Japan",Sales,Tokyo,https://stripe.com/jobs/listing/account-executive-enterprise-hunter-japan/7528816
"Account Executive, Enterprise (Sao Paulo, Brazil)",Sales,São Paulo,https://stripe.com/jobs/listing/account-executive-enterprise-sao-paulo-brazil/7108249
"Account Executive, Enterprise (Sao Paulo, Brazil)",Sales,Remote in Brazil,https://stripe.com/jobs/listing/account-executive-enterprise-sao-paulo-brazil/7108249
"Account Executive, Enterprise Platforms (New Business)",Sales,New York,https://stripe.com/jobs/listing/account-executive-enterprise-platforms-new-business/7218796
"Account Executive, Existing Business, Iberia",Sales,Dublin HQ,https://stripe.com/jobs/listing/account-executive-existing-business-iberia/7553751
"Account Executive, Funded Startups",Sales,London,https://stripe.com/jobs/listing/account-executive-funded-startups/7766401
"Account Executive, Iberia",Sales,Madrid,https://stripe.com/jobs/listing/account-executive-iberia/7394627
"Account Executive, Italy",Sales,Italy,https://stripe.com/jobs/listing/account-executive-italy/7483724
"Account Executive, Marketplace",Sales,London,https://stripe.com/jobs/listing/account-executive-marketplace/7542218
"Account Executive, Mid-Market - Existing Business",Sales,Dublin HQ,https://stripe.com/jobs/listing/account-executive-mid-market-existing-business/7483552
"Account Executive, Platforms (Existing Business)",Sales,South San Francisco HQ,https://stripe.com/jobs/listing/account-executive-platforms-existing-business/7576967
"Account Executive, Platforms (Existing Business)",Sales,New York,https://stripe.com/jobs/listing/account-executive-platforms-existing-business/7576967
"Account Executive, Platforms (French Speaking)",Sales,Dublin HQ,https://stripe.com/jobs/listing/account-executive-platforms-french-speaking/7451383
"Account Executive, Platforms (Grower)",Sales,Chicago,https://stripe.com/jobs/listing/account-executive-platforms-grower/7577015
"Account Executive, Platforms (Grower)",Sales,New York,https://stripe.com/jobs/listing/account-executive-platforms-grower/7577015
"Account Executive, Product - BNPLs",Sales,London,https://stripe.com/jobs/listing/account-executive-product-bnpls/7536063
"Account Executive, Product - BNPLs",Sales,Dublin HQ,https://stripe.com/jobs/listing/account-executive-product-bnpls/7536063
"Account Executive, Product - Buy Now Pay Later",Sales,Remote in United States,https://stripe.com/jobs/listing/account-executive-product-buy-now-pay-later/7675661
"Account Executive, Product Sales - Capital",Sales,Seattle,https://stripe.com/jobs/listing/account-executive-product-sales-capital/7728365
"Account Executive, Product Sales - Capital",Sales,Chicago,https://stripe.com/jobs/listing/account-executive-product-sales-capital/7728365
"Account Executive, Product Sales - Capital",Sales,South San Francisco HQ,https://stripe.com/jobs/listing/account-executive-product-sales-capital/7728365
"Account Executive, Product Sales - Capital",Sales,New York,https://stripe.com/jobs/listing/account-executive-product-sales-capital/7728365
"Account Executive, Product Sales (BaaS)",Sales,Remote in United States,https://stripe.com/jobs/listing/account-executive-product-sales-baas/7456716
"Account Executive, Product Sales (BaaS)",Sales,New York,https://stripe.com/jobs/listing/account-executive-product-sales-baas/7270748
"Account Executive, Product Sales (BaaS)",Sales,South San Francisco HQ,https://stripe.com/jobs/listing/account-executive-product-sales-baas/7270748
"Account Executive, Product Sales (BaaS)",Sales,Remote in United States,https://stripe.com/jobs/listing/account-executive-product-sales-baas/7270748
"Account Executive, Product Sales (Terminal)",Sales,Dublin HQ,https://stripe.com/jobs/listing/account-executive-product-sales-terminal/7528849
"Account Executive, Product Sales, Billing",Sales,Chicago,https://stripe.com/jobs/listing/account-executive-product-sales-billing/7393169
"Account Executive, Product Sales, Billing",Sales,Seattle,https://stripe.com/jobs/listing/account-executive-product-sales-billing/7393167
"Account Executive, Product Sales, Billing",Sales,Seattle,https://stripe.com/jobs/listing/account-executive-product-sales-billing/7393169
"Account Executive, Product Sales, Billing",Sales,Atlanta,https://stripe.com/jobs/listing/account-executive-product-sales-billing/7393169
"Account Executive, Product Sales, Billing",Sales,South San Francisco HQ,https://stripe.com/jobs/listing/account-executive-product-sales-billing/7393169
"Account Executive, Product Sales, Billing",Sales,Remote in United States,https://stripe.com/jobs/listing/account-executive-product-sales-billing/7393169
"Account Executive, Product Sales, Billing",Sales,New York,https://stripe.com/jobs/listing/account-executive-product-sales-billing/7393169
"Account Executive, Product Sales, Managed Payments",Sales,Seattle,https://stripe.com/jobs/listing/account-executive-product-sales-managed-payments/7390058
"Account Executive, Product Sales, Managed Payments",Sales,Chicago,https://stripe.com/jobs/listing/account-executive-product-sales-managed-payments/7390058
"Account Executive, Product Sales, Managed Payments",Sales,South San Francisco HQ,https://stripe.com/jobs/listing/account-executive-product-sales-managed-payments/7390058
"Account Executive, Product Sales, Managed Payments",Sales,New York,https://stripe.com/jobs/listing/account-executive-product-sales-managed-payments/7390058
"Account Executive, Product Sales, Managed Payments",Sales,Remote in United States,https://stripe.com/jobs/listing/account-executive-product-sales-managed-payments/7390058
"Account Executive, Product Sales, Optimized Checkout",Sales,Remote in United States,https://stripe.com/jobs/listing/account-executive-product-sales-optimized-checkout/7455982
"Account Executive, SMB - Existing Business (French-speaking)",Sales,Dublin HQ,https://stripe.com/jobs/listing/account-executive-smb-existing-business-french-speaking/7555127
"Account Executive, Startup Platforms (Existing Business)",Sales,South San Francisco HQ,https://stripe.com/jobs/listing/account-executive-startup-platforms-existing-business/7339700
"Account Manager - Scale, Bridge",Go-to-Market,San Francisco Bridge HQ,https://stripe.com/jobs/listing/account-manager-scale-bridge/7545600
"Account Manager - Scale, Bridge",Go-to-Market,New York,https://stripe.com/jobs/listing/account-manager-scale-bridge/7545600
Accounts Receivable Analyst,Controllership,Bengaluru,https://stripe.com/jobs/listing/accounts-receivable-analyst/7452593
Accounts Receivable Manager,Controllership,Bengaluru,https://stripe.com/jobs/listing/accounts-receivable-manager/7118945
Administrative Business Partner,Administrative,South San Francisco HQ,https://stripe.com/jobs/listing/administrative-business-partner/7680368
Administrative Coordinator,Administrative,Mexico City,https://stripe.com/jobs/listing/administrative-coordinator/7434713
"Affiliate Services Licensing Specialist, Regulatory Affairs (NORAM)",Legal,Remote in United States,https://stripe.com/jobs/listing/affiliate-services-licensing-specialist-regulatory-affairs-noram/7695357
"Affiliate Services Licensing Specialist, Regulatory Affairs (NORAM)",Legal,New York,https://stripe.com/jobs/listing/affiliate-services-licensing-specialist-regulatory-affairs-noram/7695357
"AI/ML Engineering Manager, Payment Intelligence",Payments,Seattle,https://stripe.com/jobs/listing/ai-ml-engineering-manager-payment-intelligence/7286376
AMER Partner Marketing Lead,Marketing,Remote in United States,https://stripe.com/jobs/listing/amer-partner-marketing-lead/7605231
AML Operations Manager,Operations,Bengaluru,https://stripe.com/jobs/listing/aml-operations-manager/7694113
"Android Engineer, Terminal",Terminal,Remote in Canada,https://stripe.com/jobs/listing/android-engineer-terminal/7543559
"Android Engineer, Terminal",Terminal,Toronto,https://stripe.com/jobs/listing/android-engineer-terminal/7543559
"Android Engineer, Terminal Developer Productivity",Terminal,Seattle,https://stripe.com/jobs/listing/android-engineer-terminal-developer-productivity/7550154
"Android Engineer, Terminal Developer Productivity",Terminal,Remote in United States,https://stripe.com/jobs/listing/android-engineer-terminal-developer-productivity/7550154
"Android Engineer, Terminal Developer Productivity",Terminal,South San Francisco HQ,https://stripe.com/jobs/listing/android-engineer-terminal-developer-productivity/7550154
"Android Engineer, Terminal Global Payments",Terminal,Seattle,https://stripe.com/jobs/listing/android-engineer-terminal-global-payments/7778627
"Android Engineer, Terminal Global Payments",Terminal,South San Francisco HQ,https://stripe.com/jobs/listing/android-engineer-terminal-global-payments/7778627
"Android Engineer, Terminal Global Payments",Terminal,Remote in United States,https://stripe.com/jobs/listing/android-engineer-terminal-global-payments/7778627
"Android Engineer, Terminal OS Platform",Terminal,South San Francisco HQ,https://stripe.com/jobs/listing/android-engineer-terminal-os-platform/7557403
"Android Engineer, Terminal OS Platform",Terminal,Remote in United States,https://stripe.com/jobs/listing/android-engineer-terminal-os-platform/7557403
"Android Engineer, Terminal OS Platform",Terminal,Seattle,https://stripe.com/jobs/listing/android-engineer-terminal-os-platform/7557403
APAC Product Lead,Payments,Singapore,https://stripe.com/jobs/listing/apac-product-lead/7552145
AV Builds and Operations,Infrastructure & Corporate Tech,South San Francisco HQ,https://stripe.com/jobs/listing/av-builds-and-operations/7675097
AV Builds and Operations,Infrastructure & Corporate Tech,London,https://stripe.com/jobs/listing/av-builds-and-operations/7657130
AV Builds and Operations,Infrastructure & Corporate Tech,New York,https://stripe.com/jobs/listing/av-builds-and-operations/7675097
AV Builds and Operations,Infrastructure & Corporate Tech,Bengaluru,https://stripe.com/jobs/listing/av-builds-and-operations/7555995
"Backend / API Engineer, Billing",Metronome,Seattle,https://stripe.com/jobs/listing/backend-api-engineer-billing/7737241
"Backend / API Engineer, Billing",Metronome,South San Francisco HQ,https://stripe.com/jobs/listing/backend-api-engineer-billing/7737241
"Backend / API Engineer, Billing",Metronome,New York,https://stripe.com/jobs/listing/backend-api-engineer-billing/7737241
"Backend / API Engineer, Billing",Metronome,Remote in United States,https://stripe.com/jobs/listing/backend-api-engineer-billing/7737241
"Backend / API Engineer, Privacy Products",Security,South San Francisco HQ,https://stripe.com/jobs/listing/backend-api-engineer-privacy-products/7579264
"Backend / API Engineer, Privacy Products",Security,Seattle,https://stripe.com/jobs/listing/backend-api-engineer-privacy-products/7579264
"Backend Engineer, Core Tech, Canada",Infrastructure & Corporate Tech,Remote in Canada,https://stripe.com/jobs/listing/backend-engineer-core-tech-canada/6567253
"Backend Engineer, Core Tech, Canada",Infrastructure & Corporate Tech,Toronto,https://stripe.com/jobs/listing/backend-engineer-core-tech-canada/6567253
"Backend Engineer, Core Technology",Infrastructure & Corporate Tech,New York,https://stripe.com/jobs/listing/backend-engineer-core-technology/6042172
"Backend Engineer, Core Technology",Infrastructure & Corporate Tech,Remote in Canada,https://stripe.com/jobs/listing/backend-engineer-core-technology/6042172
"Backend Engineer, Core Technology",Infrastructure & Corporate Tech,Seattle,https://stripe.com/jobs/listing/backend-engineer-core-technology/6042172
"Backend Engineer, Core Technology",Infrastructure & Corporate Tech,South San Francisco HQ,https://stripe.com/jobs/listing/backend-engineer-core-technology/6042172
"Backend Engineer, Core Technology",Infrastructure & Corporate Tech,Remote in United States,https://stripe.com/jobs/listing/backend-engineer-core-technology/6042172
"Backend Engineer, Data",Data Platform,Remote in Canada,https://stripe.com/jobs/listing/backend-engineer-data/6865161
"Backend Engineer, Data",Data Platform,Toronto,https://stripe.com/jobs/listing/backend-engineer-data/6865161
"Backend Engineer, Developer Experience & Product Platform",Platform,Remote in Canada,https://stripe.com/jobs/listing/backend-engineer-developer-experience-product-platform/7292520
"Backend Engineer, Developer Experience & Product Platform",Platform,Toronto,https://stripe.com/jobs/listing/backend-engineer-developer-experience-product-platform/7292520
"Backend Engineer, Forward Deployed Engineering",Revenue & Financial Automation,Toronto,https://stripe.com/jobs/listing/backend-engineer-forward-deployed-engineering/7249744
"Backend Engineer, Forward Deployed Engineering",Revenue & Financial Automation,Remote in Canada,https://stripe.com/jobs/listing/backend-engineer-forward-deployed-engineering/7249744
"Backend Engineer, Payments and Risk",Payments,South San Francisco HQ,https://stripe.com/jobs/listing/backend-engineer-payments-and-risk/7232592
"Backend Engineer/API, Payments and Risk",Payments,Dublin HQ,https://stripe.com/jobs/listing/backend-engineer-api-payments-and-risk/4921361
"Backend/API Engineer, Money as a Service",Money Movement and Storage,Remote in United States,https://stripe.com/jobs/listing/backend-api-engineer-money-as-a-service/6176758
"Backend/API Engineer, Money as a Service",Money Movement and Storage,Chicago,https://stripe.com/jobs/listing/backend-api-engineer-money-as-a-service/6176758
